-- MySQL dump 10.11
--
-- Host: localhost    Database: dist3
-- ------------------------------------------------------
-- Server version	5.0.45-community-nt

/*!40101 SET @OLD_CHARACTER_SET_CLIENT=@@CHARACTER_SET_CLIENT */;
/*!40101 SET @OLD_CHARACTER_SET_RESULTS=@@CHARACTER_SET_RESULTS */;
/*!40101 SET @OLD_COLLATION_CONNECTION=@@COLLATION_CONNECTION */;
/*!40101 SET NAMES utf8 */;
/*!40103 SET @OLD_TIME_ZONE=@@TIME_ZONE */;
/*!40103 SET TIME_ZONE='+00:00' */;
/*!40014 SET @OLD_UNIQUE_CHECKS=@@UNIQUE_CHECKS, UNIQUE_CHECKS=0 */;
/*!40014 SET @OLD_FOREIGN_KEY_CHECKS=@@FOREIGN_KEY_CHECKS, FOREIGN_KEY_CHECKS=0 */;
/*!40101 SET @OLD_SQL_MODE=@@SQL_MODE, SQL_MODE='NO_AUTO_VALUE_ON_ZERO' */;
/*!40111 SET @OLD_SQL_NOTES=@@SQL_NOTES, SQL_NOTES=0 */;

--
-- Table structure for table `meshheadings`
--

DROP TABLE IF EXISTS `meshheadings`;
CREATE TABLE `meshheadings` (
  `ID` int(11) NOT NULL auto_increment,
  `Heading` varchar(255) NOT NULL,
  PRIMARY KEY  (`ID`),
  KEY `index_heading` (`Heading`)
) ENGINE=MyISAM AUTO_INCREMENT=417 DEFAULT CHARSET=latin1;

--
-- Dumping data for table `meshheadings`
--

LOCK TABLES `meshheadings` WRITE;
/*!40000 ALTER TABLE `meshheadings` DISABLE KEYS */;
INSERT INTO `meshheadings` VALUES (1,'*Arousal'),(2,'Asian Continental Ancestry Group/*psychology'),(3,'Cross-Cultural Comparison'),(4,'Female'),(5,'Follow-Up Studies'),(6,'Humans'),(7,'Infant'),(8,'*Infant Behavior'),(9,'Infant, Newborn/*psychology'),(10,'Irritable Mood'),(11,'Japan'),(12,'Male'),(13,'*Mother-Child Relations'),(14,'Mothers/psychology'),(15,'*Neurologic Examination'),(16,'Object Attachment'),(17,'Parenting/psychology'),(18,'Prognosis'),(19,'Skin Pigmentation'),(20,'Startle Reaction'),(21,'Stress, Psychological/complications'),(22,'*Adaptation, Psychological'),(23,'Adult'),(24,'*Health Knowledge, Attitudes, Practice'),(25,'Infant, Newborn'),(26,'*Intensive Care Units, Neonatal'),(27,'Nursing Methodology Research'),(28,'*Object Attachment'),(29,'*Parent-Child Relations'),(30,'*Parents/education/psychology'),(31,'Stress, Psychological/psychology'),(32,'Child'),(33,'Child, Preschool'),(34,'Cocaine-Related Disorders/*psychology'),(35,'Defense Mechanisms'),(36,'Internal-External Control'),(37,'Maternal Behavior'),(38,'Parenting/*psychology'),(39,'Personality Assessment'),(40,'Pregnancy'),(41,'Pregnancy Complications/*psychology'),(42,'Child Development/*physiology'),(43,'Depression, Postpartum/*psychology'),(44,'Maternal Behavior/*psychology'),(45,'Paranoid Disorders/psychology'),(46,'Severity of Illness Index'),(47,'Substance-Related Disorders/*psychology'),(48,'*Ego'),(49,'Intelligence Tests'),(50,'Middle Aged'),(51,'Psychiatric Status Rating Scales'),(52,'Psychological Tests'),(53,'Regression Analysis'),(54,'Wechsler Scales'),(55,'*Caregivers'),(56,'Child Abuse'),(57,'*Child Custody'),(58,'Child Development'),(59,'Maternal Welfare'),(60,'Mental Disorders/diagnosis'),(61,'Mothers/*psychology'),(62,'Substance-Related Disorders/diagnosis/*psychology'),(63,'Crime'),(64,'Employment'),(65,'Ethics, Professional'),(66,'Housing'),(67,'Interpersonal Relations'),(68,'Parenting'),(69,'*Patient Selection'),(70,'Pregnancy Complications/*rehabilitation'),(71,'Random Allocation'),(72,'Referral and Consultation'),(73,'Research Design'),(74,'Social Work'),(75,'Substance-Related Disorders/psychology/*rehabilitation'),(76,'Birth Weight'),(77,'Child Development/*drug effects'),(78,'*Cocaine'),(79,'Depression/psychology'),(80,'Gestational Age'),(81,'Maternal Age'),(82,'Pregnancy, High-Risk'),(83,'*Prenatal Exposure Delayed Effects'),(84,'Substance-Related Disorders/*complications'),(85,'Family'),(86,'*Research Design'),(87,'Substance-Related Disorders/psychology/*therapy'),(88,'Cocaine/*adverse effects'),(89,'Embryonic and Fetal Development/*drug effects'),(90,'Pregnancy Complications/*etiology'),(91,'Prenatal Exposure Delayed Effects'),(92,'Substance-Related Disorders/*etiology'),(93,'Central Nervous System Diseases/*chemically induced/psychology'),(94,'Child Behavior/*drug effects'),(95,'Child Development/drug effects'),(96,'Marijuana Smoking'),(97,'Risk Factors'),(98,'*Amniocentesis'),(99,'Down Syndrome/diagnosis'),(100,'Neural Tube Defects/diagnosis'),(101,'*Pregnancy, Multiple'),(102,'Twins'),(103,'Ultrasonography'),(104,'Adolescent'),(105,'Cerebral Palsy/psychology'),(106,'Child Behavior Disorders/psychology'),(107,'*Child Development'),(108,'Delirium, Dementia, Amnestic, Cognitive Disorders/*psychology'),(109,'Diagnosis, Differential'),(110,'Failure to Thrive/psychology'),(111,'Parent-Child Relations'),(112,'Psychophysiologic Disorders/*psychology'),(113,'Risk'),(114,'Social Environment'),(115,'Abortion, Spontaneous/etiology'),(116,'Amniocentesis/*adverse effects'),(117,'Congenital Abnormalities/etiology'),(118,'Fetal Death'),(119,'Infant Mortality'),(120,'Infant, Premature'),(121,'Pregnancy Trimester, Second'),(122,'Amniocentesis'),(123,'Chromosome Aberrations/*epidemiology'),(124,'Chromosome Disorders'),(125,'Chromosomes, Human, 16-18'),(126,'Down Syndrome/epidemiology'),(127,'Genetic Screening'),(128,'Prenatal Diagnosis'),(129,'Sex Chromosome Aberrations'),(130,'Translocation, Genetic'),(131,'Trisomy'),(132,'Cognition Disorders/diagnosis/*epidemiology'),(133,'*Fear'),(134,'*Life Change Events'),(135,'Mothers/*psychology/*statistics & numerical data'),(136,'Phobic Disorders/diagnosis/*epidemiology'),(137,'Predictive Value of Tests'),(138,'Pregnancy Complications'),(139,'Questionnaires'),(140,'Stress, Psychological/*diagnosis/epidemiology/*psychology'),(141,'Amniotic Fluid/*chemistry'),(142,'Biological Markers/analysis'),(143,'Circadian Rhythm'),(144,'Hydrocortisone/*analysis/blood'),(145,'*Maternal-Fetal Exchange'),(146,'Multivariate Analysis'),(147,'Affective Symptoms/diagnosis/psychology'),(148,'Child Abuse/*psychology'),(149,'Child Abuse, Sexual/*psychology'),(150,'Child Behavior Disorders/diagnosis/*psychology'),(151,'Depression/diagnosis/psychology'),(152,'Family Characteristics'),(153,'Hostility'),(154,'Life Change Events'),(155,'Longitudinal Studies'),(156,'Social Adjustment'),(157,'Cohort Studies'),(158,'Conflict (Psychology)'),(159,'Family/*psychology'),(160,'Interviews as Topic'),(161,'*Models, Psychological'),(162,'Negativism'),(163,'Prospective Studies'),(164,'Social Support'),(165,'Age Factors'),(166,'*Family Relations'),(167,'Great Britain'),(168,'Models, Psychological'),(169,'Mother-Child Relations'),(170,'*Negativism'),(171,'Siblings/*psychology'),(172,'*Social Perception'),(173,'*Conflict (Psychology)'),(174,'Divorce'),(175,'Stress, Psychological'),(176,'Anxiety Disorders/etiology/*psychology'),(177,'Functional Laterality/*physiology'),(178,'Pilot Projects'),(179,'Child Behavior'),(180,'*Father-Child Relations'),(181,'Fathers/psychology'),(182,'Residence Characteristics'),(183,'Depressive Disorder/etiology/*psychology'),(184,'Pregnancy Complications/psychology'),(185,'*Stress, Psychological'),(186,'Anxiety Disorders/*genetics/psychology'),(187,'*Child Behavior'),(188,'*Genetic Predisposition to Disease'),(189,'Obsessive-Compulsive Disorder/*genetics/*psychology'),(190,'Phenotype'),(191,'Analysis of Variance'),(192,'Child of Impaired Parents/psychology'),(193,'Divorce/*psychology'),(194,'Individuality'),(195,'Marriage/*psychology'),(196,'Population Surveillance'),(197,'Sampling Studies'),(198,'Single Parent/*psychology'),(199,'Spouses/*psychology'),(200,'*Adoption'),(201,'*Divorce'),(202,'Educational Status'),(203,'*Self Concept'),(204,'*Social Adjustment'),(205,'Stress, Psychological/*genetics'),(206,'*Adolescent Behavior'),(207,'*Adolescent Psychology'),(208,'Parents/psychology'),(209,'Problem Solving'),(210,'Psychometrics'),(211,'*Sibling Relations'),(212,'Socioeconomic Factors'),(213,'Twins/genetics/*psychology'),(214,'Agriculture'),(215,'Copper/*analysis'),(216,'Ecosystem'),(217,'Environment'),(218,'Environmental Monitoring'),(219,'Environmental Pollution'),(220,'Europe'),(221,'Hydrogen-Ion Concentration'),(222,'Quality Control'),(223,'Risk Assessment'),(224,'Soil/*analysis'),(225,'Soil Pollutants/*analysis'),(226,'Trees'),(227,'Algae, Green/*drug effects'),(228,'Calcium'),(229,'Chemistry, Physical'),(230,'Computer Simulation'),(231,'Copper/*toxicity'),(232,'Fresh Water/*chemistry'),(233,'Magnesium'),(234,'Models, Biological'),(235,'Water Pollutants/analysis'),(236,'Animals'),(237,'Carbon/analysis'),(238,'*Daphnia'),(239,'Fresh Water'),(240,'Ligands'),(241,'*Models, Biological'),(242,'No-Observed-Adverse-Effect Level'),(243,'*Rotifera'),(244,'Water Pollutants, Chemical/*toxicity'),(245,'Binding, Competitive'),(246,'Calcium/metabolism'),(247,'Cations'),(248,'Daphnia/*drug effects/physiology'),(249,'Hydrogen/metabolism'),(250,'*Ligands'),(251,'Magnesium/metabolism'),(252,'Reproduction/drug effects'),(253,'Risk Assessment/methods'),(254,'Sodium/metabolism'),(255,'Zinc/metabolism/*toxicity'),(256,'Algae, Green/drug effects'),(257,'Biological Assay/*methods'),(258,'Buffers'),(259,'Daphnia/drug effects'),(260,'Zinc/*toxicity'),(261,'*Algae, Green'),(262,'Biological Availability'),(263,'Calcium Carbonate/analysis/chemistry'),(264,'Carbon/analysis/chemistry'),(265,'Forecasting'),(266,'Lethal Dose 50'),(267,'*Models, Theoretical'),(268,'Organic Chemicals'),(269,'Reproducibility of Results'),(270,'Solubility'),(271,'Water/chemistry'),(272,'Water Pollutants/*toxicity'),(273,'Algae/*metabolism'),(274,'Metals, Heavy/pharmacokinetics/*toxicity'),(275,'Soil Pollutants/pharmacokinetics/*toxicity'),(276,'Toxicity Tests'),(277,'Algae'),(278,'Crustacea'),(279,'Daphnia'),(280,'Fishes'),(281,'Metals, Heavy/*adverse effects/*chemistry/pharmacokinetics'),(282,'Water Pollutants/*adverse effects/pharmacokinetics'),(283,'Calcium Carbonate'),(284,'Carbon'),(285,'Acute Toxicity Tests/methods/statistics & numerical data'),(286,'Copper/administration & dosage/*toxicity'),(287,'Daphnia/*drug effects'),(288,'Water/analysis'),(289,'Algae, Green/*drug effects/metabolism'),(290,'Algae, Red'),(291,'Biological Assay'),(292,'Cities'),(293,'Cupriavidus necator'),(294,'*Manufactured Materials'),(295,'Rain'),(296,'Sweden'),(297,'Zinc/analysis/*pharmacokinetics'),(298,'Calcium/chemistry'),(299,'Carbon/chemistry'),(300,'Water/*chemistry'),(301,'Adsorption'),(302,'Ceramics/chemistry'),(303,'Coated Materials, Biocompatible/*chemistry'),(304,'Durapatite/*chemistry'),(305,'Electrophoresis/*methods'),(306,'Electrostatics'),(307,'Glass/*chemistry'),(308,'Materials Testing'),(309,'Protein Binding'),(310,'Serum Albumin, Bovine/*chemistry'),(311,'Surface Properties'),(312,'Temperature'),(313,'Apatites/chemistry'),(314,'Blood Proteins/metabolism'),(315,'Bone Cements/*chemistry'),(316,'Cattle'),(317,'Cells, Cultured'),(318,'Ceramics/*chemistry'),(319,'Glass/chemistry'),(320,'Hematopoietic Stem Cells/cytology/metabolism'),(321,'Metals/chemistry'),(322,'Osseointegration'),(323,'Osteogenesis/physiology'),(324,'Serum Albumin, Bovine/chemistry'),(325,'Biocompatible Materials/*chemistry'),(326,'*Glass'),(327,'Materials Testing/*methods'),(328,'Microscopy, Atomic Force'),(329,'Microscopy, Electron, Scanning'),(330,'*Microspheres'),(331,'Prostheses and Implants'),(332,'Aluminum/*chemistry'),(333,'Aluminum Silicates/*chemistry'),(334,'Carbon Compounds, Inorganic/*chemistry'),(335,'Hardness Tests'),(336,'Metal Ceramic Alloys/*chemistry'),(337,'Porosity'),(338,'Silicon Compounds/*chemistry'),(339,'Tensile Strength'),(340,'Biomedical Engineering'),(341,'Drug Design'),(342,'Fractals'),(343,'Aluminum Oxide/chemistry'),(344,'Calcium Phosphates/*chemistry'),(345,'Corrosion'),(346,'Heat'),(347,'Cold'),(348,'Desiccation'),(349,'Elasticity'),(350,'Pressure'),(351,'Stress, Mechanical'),(352,'Tromethamine/chemistry'),(353,'*Biocompatible Materials'),(354,'Composite Resins/chemistry'),(355,'Gels'),(356,'*Materials Testing'),(357,'Oxidation-Reduction'),(358,'Silicon Dioxide/*chemistry'),(359,'Solutions'),(360,'Titanium/*chemistry'),(361,'Carbonates/*chemistry'),(362,'Evaluation Studies as Topic'),(363,'Hydroxyapatites/*chemistry'),(364,'*Ion Exchange'),(365,'Potassium/*chemistry'),(366,'Potassium Chloride/*chemistry'),(367,'Spectrum Analysis'),(368,'Thermogravimetry'),(369,'Bone Regeneration/*drug effects'),(370,'Calcium Phosphates/chemistry/pharmacology/*therapeutic use'),(371,'Durapatite'),(372,'Hydroxyapatites/chemistry/pharmacology/*therapeutic use'),(373,'Prostheses and Implants/adverse effects/*standards'),(374,'Rabbits'),(375,'X-Ray Diffraction'),(376,'Aged'),(377,'China/epidemiology'),(378,'Colorectal Neoplasms/epidemiology/*genetics/physiopathology'),(379,'Epidemiologic Studies'),(380,'Genes, APC'),(381,'Mass Screening'),(382,'Molecular Diagnostic Techniques'),(383,'Mutation'),(384,'Anticarcinogenic Agents/*blood'),(385,'Carotenoids/*blood'),(386,'Case-Control Studies'),(387,'Confidence Intervals'),(388,'Linear Models'),(389,'Logistic Models'),(390,'Odds Ratio'),(391,'Prostatic Neoplasms/*prevention & control'),(392,'beta Carotene/adverse effects/blood'),(393,'Adenocarcinoma/enzymology/epidemiology/*genetics'),(394,'Asian Continental Ancestry Group/*genetics'),(395,'Breast Neoplasms/enzymology/epidemiology/*genetics'),(396,'Cyclooxygenase 2/*genetics/metabolism'),(397,'DNA Fingerprinting'),(398,'Genotype'),(399,'Membrane Proteins/*genetics/metabolism'),(400,'Menopause'),(401,'*Polymorphism, Single Nucleotide'),(402,'Alleles'),(403,'DNA Mutational Analysis'),(404,'*Genes, cdc'),(405,'Lung Neoplasms/*genetics'),(406,'Polymorphism, Genetic/*genetics'),(407,'Proto-Oncogene Proteins c-mdm2/*genetics'),(408,'Smoking/genetics'),(409,'Tumor Suppressor Protein p53/*genetics'),(410,'Coronary Disease/*diagnosis/*genetics/mortality'),(411,'Genetic Predisposition to Disease/epidemiology'),(412,'*Genetic Screening/*methods'),(413,'Mass Screening/methods'),(414,'Pedigree'),(415,'Survival Analysis'),(416,'United States/epidemiology');
/*!40000 ALTER TABLE `meshheadings` ENABLE KEYS */;
UNLOCK TABLES;

--
-- Table structure for table `people`
--

DROP TABLE IF EXISTS `people`;
CREATE TABLE `people` (
  `Setnb` char(8) NOT NULL,
  `First` varchar(20) default NULL,
  `Middle` varchar(20) default NULL,
  `Last` varchar(20) default NULL,
  `Name1` varchar(36) NOT NULL,
  `Name2` varchar(36) default NULL,
  `Name3` varchar(36) default NULL,
  `Name4` varchar(36) default NULL,
  `MedlineSearch` varchar(512) NOT NULL,
  `Harvested` bit(1) NOT NULL default '\0',
  `Error` bit(1) default NULL,
  `ErrorMessage` varchar(512) default NULL,
  PRIMARY KEY  (`Setnb`),
  KEY `Setnb` (`Setnb`)
) ENGINE=MyISAM DEFAULT CHARSET=latin1;

--
-- Dumping data for table `people`
--

LOCK TABLES `people` WRITE;
/*!40000 ALTER TABLE `people` DISABLE KEYS */;
INSERT INTO `people` VALUES ('X0000001','Judy','','Howard','howard j',NULL,NULL,NULL,'(\"howard j\"[au] AND 1967:2006[dp] AND (palsy OR Dev Med Child Neurol[ta] OR abusing OR attachm* OR NICU OR amniocen* OR play) NOT (spermat* OR palate OR Dupuy* OR tadpol* OR cytosk* OR ions OR victoria OR suicid* OR crude OR axons OR methad*))','',NULL,NULL),('X0000002','Thomas','G','O\'Connor','o\'connor tg',NULL,NULL,NULL,'(\"o\'connor tg\"[au]) AND (mother or substance or amniocen*)','',NULL,NULL),('X0000003','D','G','Heijerick','heijerick dg',NULL,NULL,NULL,'Heijerick DG[au]','',NULL,NULL),('X0000004','E','G','Nordstrom','nordstrom eg',NULL,NULL,NULL,'Nordstrom EG[au]','',NULL,NULL),('X0000005','Example','From','SRS','liu x','peters u','gao j',NULL,'17479405[pmid] or 17507623[pmid] or 17653897[pmid]','',NULL,NULL),('X0000006','Secondguy','From','SRS','zhang x','swanson jr',NULL,NULL,'16287156[pmid] or 11137774[pmid]','',NULL,NULL);
/*!40000 ALTER TABLE `people` ENABLE KEYS */;
UNLOCK TABLES;

--
-- Table structure for table `peoplepublications`
--

DROP TABLE IF EXISTS `peoplepublications`;
CREATE TABLE `peoplepublications` (
  `Setnb` char(8) NOT NULL,
  `PMID` int(11) NOT NULL,
  `AuthorPosition` int(11) NOT NULL,
  `PositionType` tinyint(4) NOT NULL,
  PRIMARY KEY  (`Setnb`,`PMID`),
  KEY `index_setnb` (`Setnb`),
  KEY `index_pmid` (`PMID`)
) ENGINE=MyISAM DEFAULT CHARSET=latin1;

--
-- Dumping data for table `peoplepublications`
--

LOCK TABLES `peoplepublications` WRITE;
/*!40000 ALTER TABLE `peoplepublications` DISABLE KEYS */;
INSERT INTO `peoplepublications` VALUES ('X0000001',16173671,3,5),('X0000001',12597089,4,2),('X0000001',11707907,3,2),('X0000001',10624722,2,5),('X0000001',9368207,3,5),('X0000001',9134263,2,5),('X0000001',8818166,1,1),('X0000001',7565486,1,1),('X0000001',1620193,1,1),('X0000001',2661289,1,1),('X0000001',2626221,3,2),('X0000001',3158849,4,2),('X0000001',6539643,2,5),('X0000001',7432734,2,3),('X0000001',6446858,7,2),('X0000002',18049295,3,5),('X0000002',17634075,4,4),('X0000002',17492950,4,4),('X0000002',17459175,3,5),('X0000002',16671933,1,1),('X0000002',16402868,3,5),('X0000002',15901223,2,5),('X0000002',15324991,2,5),('X0000002',15055374,3,5),('X0000002',14531585,1,1),('X0000002',14531577,3,5),('X0000002',11099113,3,5),('X0000002',10902695,1,1),('X0000002',7789203,1,1),('X0000003',17727948,3,5),('X0000003',17624431,3,5),('X0000003',16566172,1,1),('X0000003',16215700,1,1),('X0000003',16129487,2,5),('X0000003',15978285,1,1),('X0000003',15673218,2,5),('X0000003',14552011,3,5),('X0000003',12868780,2,2),('X0000003',12605929,2,5),('X0000003',12520393,1,1),('X0000003',12356531,2,5),('X0000003',12356528,1,1),('X0000003',12137040,1,1),('X0000003',12069319,1,1),('X0000004',12775905,2,5),('X0000004',11564905,1,1),('X0000004',11340600,2,3),('X0000004',9713684,1,1),('X0000004',9457379,1,1),('X0000004',8761517,1,1),('X0000004',7950878,1,1),('X0000004',7950867,1,1),('X0000004',1483120,1,1),('X0000004',1333868,1,1),('X0000005',17653897,1,1),('X0000005',17507623,1,1),('X0000005',17479405,1,1),('X0000006',16287156,1,1),('X0000006',11137774,1,1);
/*!40000 ALTER TABLE `peoplepublications` ENABLE KEYS */;
UNLOCK TABLES;

--
-- Table structure for table `publicationauthors`
--

DROP TABLE IF EXISTS `publicationauthors`;
CREATE TABLE `publicationauthors` (
  `PMID` int(11) NOT NULL,
  `Position` int(11) NOT NULL,
  `Author` varchar(70) NOT NULL,
  `First` tinyint(4) NOT NULL,
  `Last` tinyint(4) NOT NULL,
  PRIMARY KEY  (`PMID`,`Position`),
  KEY `index_pmid` (`PMID`)
) ENGINE=MyISAM DEFAULT CHARSET=latin1;

--
-- Dumping data for table `publicationauthors`
--

LOCK TABLES `publicationauthors` WRITE;
/*!40000 ALTER TABLE `publicationauthors` DISABLE KEYS */;
INSERT INTO `publicationauthors` VALUES (16173671,1,'Loo KK',1,0),(16173671,2,'Ohgi S',0,0),(16173671,3,'Howard J',0,0),(16173671,4,'Tyler R',0,0),(16173671,5,'Hirose T',0,1),(12597089,1,'Loo KK',1,0),(12597089,2,'Espinosa M',0,0),(12597089,3,'Tyler R',0,0),(12597089,4,'Howard J',0,1),(11707907,1,'Swanson K',1,0),(11707907,2,'Beckwith L',0,0),(11707907,3,'Howard J',0,1),(10624722,1,'Beckwith L',1,0),(10624722,2,'Howard J',0,0),(10624722,3,'Espinosa M',0,0),(10624722,4,'Tyler R',0,1),(9368207,1,'Fineman NR',1,0),(9368207,2,'Beckwith L',0,0),(9368207,3,'Howard J',0,0),(9368207,4,'Espinosa M',0,1),(9134263,1,'Tyler R',1,0),(9134263,2,'Howard J',0,0),(9134263,3,'Espinosa M',0,0),(9134263,4,'Doakes SS',0,1),(8818166,1,'Howard J',1,0),(8818166,2,'Beckwith L',0,1),(7565486,1,'Howard J',1,0),(7565486,2,'Beckwith L',0,0),(7565486,3,'Espinosa M',0,0),(7565486,4,'Tyler R',0,1),(1620193,1,'Howard J',1,1),(2661289,1,'Howard J',1,1),(2626221,1,'Rodning C',1,0),(2626221,2,'Beckwith L',0,0),(2626221,3,'Howard J',0,1),(3158849,1,'Tabsh KM',1,0),(3158849,2,'Crandall B',0,0),(3158849,3,'Lebherz TB',0,0),(3158849,4,'Howard J',0,1),(6539643,1,'Parmelee AH',1,0),(6539643,2,'Howard J',0,0),(6539643,3,'Beckwith L',0,1),(7432734,1,'Crandall BF',1,0),(7432734,2,'Howard J',0,0),(7432734,3,'Lebherz TB',0,0),(7432734,4,'Rubinstein L',0,0),(7432734,5,'Sample WF',0,0),(7432734,6,'Sarti D',0,1),(6446858,1,'Crandall BF',1,0),(6446858,2,'Lebherz TB',0,0),(6446858,3,'Rubinstein L',0,0),(6446858,4,'Robertson RD',0,0),(6446858,5,'Sample WF',0,0),(6446858,6,'Sarti D',0,0),(6446858,7,'Howard J',0,1),(18049295,1,'Bergman K',1,0),(18049295,2,'Sarkar P',0,0),(18049295,3,'O\'Connor TG',0,0),(18049295,4,'Modi N',0,0),(18049295,5,'Glover V',0,1),(17634075,1,'Sarkar P',1,0),(17634075,2,'Bergman K',0,0),(17634075,3,'Fisk NM',0,0),(17634075,4,'O\'Connor TG',0,0),(17634075,5,'Glover V',0,1),(17492950,1,'Sarkar P',1,0),(17492950,2,'Bergman K',0,0),(17492950,3,'Fisk NM',0,0),(17492950,4,'O\'Connor TG',0,0),(17492950,5,'Glover V',0,1),(17459175,1,'Collishaw S',1,0),(17459175,2,'Dunn J',0,0),(17459175,3,'O\'Connor TG',0,0),(17459175,4,'Golding J',0,1),(16671933,1,'O\'Connor TG',1,0),(16671933,2,'Dunn J',0,0),(16671933,3,'Jenkins JM',0,0),(16671933,4,'Rasbash J',0,1),(16402868,1,'Jenkins JM',1,0),(16402868,2,'Dunn J',0,0),(16402868,3,'O\'Connor TG',0,0),(16402868,4,'Rasbash J',0,0),(16402868,5,'Behnke P',0,1),(15901223,1,'Dunn J',1,0),(15901223,2,'O\'Connor TG',0,0),(15901223,3,'Cheng H',0,1),(15324991,1,'Glover V',1,0),(15324991,2,'O\'Connor TG',0,0),(15324991,3,'Heron J',0,0),(15324991,4,'Golding J',0,1),(15055374,1,'Dunn J',1,0),(15055374,2,'Cheng H',0,0),(15055374,3,'O\'Connor TG',0,0),(15055374,4,'Bridges L',0,1),(14531585,1,'O\'Connor TG',1,0),(14531585,2,'Heron J',0,0),(14531585,3,'Golding J',0,0),(14531585,4,'Glover V',0,1),(14531577,1,'Eley TC',1,0),(14531577,2,'Bolton D',0,0),(14531577,3,'O\'Connor TG',0,0),(14531577,4,'Perrin S',0,0),(14531577,5,'Smith P',0,0),(14531577,6,'Plomin R',0,1),(11099113,1,'Dunn J',1,0),(11099113,2,'Davies LC',0,0),(11099113,3,'O\'Connor TG',0,0),(11099113,4,'Sturgess W',0,1),(10902695,1,'O\'Connor TG',1,0),(10902695,2,'Caspi A',0,0),(10902695,3,'DeFries JC',0,0),(10902695,4,'Plomin R',0,1),(7789203,1,'O\'Connor TG',1,0),(7789203,2,'Hetherington EM',0,0),(7789203,3,'Reiss D',0,0),(7789203,4,'Plomin R',0,1),(17727948,1,'De Schamphelaere KA',1,0),(17727948,2,'Koene JM',0,0),(17727948,3,'Heijerick DG',0,0),(17727948,4,'Janssen CR',0,1),(17624431,1,'Deleebeeck NM',1,0),(17624431,2,'De Schamphelaere KA',0,0),(17624431,3,'Heijerick DG',0,0),(17624431,4,'Bossuyt BT',0,0),(17624431,5,'Janssen CR',0,1),(16566172,1,'Heijerick DG',1,0),(16566172,2,'Van Sprang PA',0,0),(16566172,3,'Van Hyfte AD',0,1),(16215700,1,'Heijerick DG',1,0),(16215700,2,'Bossuyt BT',0,0),(16215700,3,'De Schamphelaere KA',0,0),(16215700,4,'Indeherberg M',0,0),(16215700,5,'Mingazzini M',0,0),(16215700,6,'Janssen CR',0,1),(16129487,1,'De Schamphelaere KA',1,0),(16129487,2,'Heijerick DG',0,0),(16129487,3,'Janssen CR',0,1),(15978285,1,'Heijerick DG',1,0),(15978285,2,'De Schamphelaere KA',0,0),(15978285,3,'Van Sprang PA',0,0),(15978285,4,'Janssen CR',0,1),(15673218,1,'De Schamphelaere KA',1,0),(15673218,2,'Heijerick DG',0,0),(15673218,3,'Janssen CR',0,1),(14552011,1,'De Schamphelaere KA',1,0),(14552011,2,'Vasconcelos FM',0,0),(14552011,3,'Heijerick DG',0,0),(14552011,4,'Tack FM',0,0),(14552011,5,'Delbeke K',0,0),(14552011,6,'Allen HE',0,0),(14552011,7,'Janssen CR',0,1),(12868780,1,'Janssen CR',1,0),(12868780,2,'Heijerick DG',0,1),(12605929,1,'Janssen CR',1,0),(12605929,2,'Heijerick DG',0,0),(12605929,3,'De Schamphelaere KA',0,0),(12605929,4,'Allen HE',0,1),(12520393,1,'Heijerick DG',1,0),(12520393,2,'Janssen CR',0,0),(12520393,3,'De Coen WM',0,1),(12356531,1,'De Schamphelaere KA',1,0),(12356531,2,'Heijerick DG',0,0),(12356531,3,'Janssen CR',0,1),(12356528,1,'Heijerick DG',1,0),(12356528,2,'De Schamphelaere KA',0,0),(12356528,3,'Janssen CR',0,1),(12137040,1,'Heijerick DG',1,0),(12137040,2,'Janssen CR',0,0),(12137040,3,'Karlen C',0,0),(12137040,4,'Wallinder IO',0,0),(12137040,5,'Leygraf C',0,1),(12069319,1,'Heijerick DG',1,0),(12069319,2,'De Schamphelaere KA',0,0),(12069319,3,'Janssen CR',0,1),(12775905,1,'Sanchez-Munoz OL',1,0),(12775905,2,'Nordstrom EG',0,0),(12775905,3,'Prerez-Hernandez E',0,1),(11564905,1,'Nordstrom EG',1,0),(11564905,2,'Sanchez Munoz OL',0,1),(11340600,1,'Itala A',1,0),(11340600,2,'Nordstrom EG',0,0),(11340600,3,'Ylanen H',0,0),(11340600,4,'Aro HT',0,0),(11340600,5,'Hupa M',0,1),(9713684,1,'Nordstrom EG',1,0),(9713684,2,'Yokobori AT Jr',0,0),(9713684,3,'Yokobori T',0,0),(9713684,4,'Aizawa Y',0,1),(9457379,1,'Nordstrom EG',1,0),(9457379,2,'Yokobori AT Jr',0,0),(9457379,3,'Yokobori T',0,0),(9457379,4,'Aizawa Y',0,1),(8761517,1,'Nordstrom EG',1,0),(8761517,2,'Hara T',0,0),(8761517,3,'Hero H',0,1),(7950878,1,'Nordstrom EG',1,0),(7950878,2,'Hero H',0,0),(7950878,3,'Jorgensen RB',0,1),(7950867,1,'Nordstrom EG',1,0),(7950867,2,'Sodergard BE',0,0),(7950867,3,'Kukkonen L',0,1),(1483120,1,'Nordstrom EG',1,0),(1483120,2,'Karlsson KH',0,1),(1333868,1,'Nordstrom EG',1,0),(1333868,2,'Niemi L',0,0),(1333868,3,'Miettinen J',0,1),(17653897,1,'Liu X',1,0),(17653897,2,'Shan X',0,0),(17653897,3,'Friedl W',0,0),(17653897,4,'Uhlhaas S',0,0),(17653897,5,'Propping P',0,0),(17653897,6,'Li J',0,0),(17653897,7,'Wang Y',0,1),(17507623,1,'Peters U',1,0),(17507623,2,'Leitzmann MF',0,0),(17507623,3,'Chatterjee N',0,0),(17507623,4,'Wang Y',0,0),(17507623,5,'Albanes D',0,0),(17507623,6,'Gelmann EP',0,0),(17507623,7,'Friesen MD',0,0),(17507623,8,'Riboli E',0,0),(17507623,9,'Hayes RB',0,1),(17479405,1,'Gao J',1,0),(17479405,2,'Ke Q',0,0),(17479405,3,'Ma HX',0,0),(17479405,4,'Wang Y',0,0),(17479405,5,'Zhou Y',0,0),(17479405,6,'Hu ZB',0,0),(17479405,7,'Zhai XJ',0,0),(17479405,8,'Wang XC',0,0),(17479405,9,'Qing JW',0,0),(17479405,10,'Chen WS',0,0),(17479405,11,'Jin GF',0,0),(17479405,12,'Liu JY',0,0),(17479405,13,'Tan YF',0,0),(17479405,14,'Wang XR',0,0),(17479405,15,'Shen HB',0,1),(16287156,1,'Zhang X',1,0),(16287156,2,'Miao X',0,0),(16287156,3,'Guo Y',0,0),(16287156,4,'Tan W',0,0),(16287156,5,'Zhou Y',0,0),(16287156,6,'Sun T',0,0),(16287156,7,'Wang Y',0,0),(16287156,8,'Lin D',0,1),(11137774,1,'Swanson JR',1,0),(11137774,2,'Pearson TA',0,1);
/*!40000 ALTER TABLE `publicationauthors` ENABLE KEYS */;
UNLOCK TABLES;

--
-- Table structure for table `publicationgrants`
--

DROP TABLE IF EXISTS `publicationgrants`;
CREATE TABLE `publicationgrants` (
  `PMID` int(11) NOT NULL,
  `GrantID` varchar(50) NOT NULL,
  PRIMARY KEY  (`PMID`,`GrantID`)
) ENGINE=MyISAM DEFAULT CHARSET=latin1;

--
-- Dumping data for table `publicationgrants`
--

LOCK TABLES `publicationgrants` WRITE;
/*!40000 ALTER TABLE `publicationgrants` DISABLE KEYS */;
INSERT INTO `publicationgrants` VALUES (1620193,'R0-1-DA4139/DA/United States NIDA'),(2626221,'024AH50027/AH/United States BHP'),(2626221,'MH36902-106/MH/United States NIMH'),(2626221,'R01DA4139/DA/United States NIDA'),(3158849,'507RR/RR/United States NCRR'),(7432734,'HD-00345/HD/United States NICHD'),(7432734,'HD-05615/HD/United States NICHD'),(7565486,'R18 DA06490/DA/United States NIDA'),(7789203,'1R01MH43373/MH/United States NIMH'),(9134263,'1R18DA06380/DA/United States NIDA'),(9368207,'R18 DA06380/DA/United States NIDA'),(10624722,'R18DA6380/DA/United States NIDA'),(10902695,'etc.'),(10902695,'HD-10333/HD/United States NICHD'),(10902695,'HD-18426/HD/United States NICHD'),(10902695,'HD36773/HD/United States NICHD'),(11137774,'K07 HL 03943/HL/United States NHLBI'),(11707907,'R184DA06380/DA/United States NIDA'),(17459175,'United Kingdom Wellcome Trust');
/*!40000 ALTER TABLE `publicationgrants` ENABLE KEYS */;
UNLOCK TABLES;

--
-- Table structure for table `publicationmeshheadings`
--

DROP TABLE IF EXISTS `publicationmeshheadings`;
CREATE TABLE `publicationmeshheadings` (
  `PMID` int(11) NOT NULL,
  `MeSHHEadingID` int(11) NOT NULL,
  PRIMARY KEY  (`PMID`,`MeSHHEadingID`),
  KEY `index_pmid` (`PMID`)
) ENGINE=MyISAM DEFAULT CHARSET=latin1;

--
-- Dumping data for table `publicationmeshheadings`
--

LOCK TABLES `publicationmeshheadings` WRITE;
/*!40000 ALTER TABLE `publicationmeshheadings` DISABLE KEYS */;
INSERT INTO `publicationmeshheadings` VALUES (1333868,236),(1333868,308),(1333868,337),(1333868,339),(1333868,369),(1333868,370),(1333868,371),(1333868,372),(1333868,373),(1333868,374),(1333868,375),(1483120,270),(1483120,359),(1483120,361),(1483120,362),(1483120,363),(1483120,364),(1483120,365),(1483120,366),(1483120,367),(1483120,368),(1620193,6),(1620193,85),(1620193,86),(1620193,87),(2626221,4),(2626221,6),(2626221,7),(2626221,25),(2626221,40),(2626221,83),(2626221,93),(2626221,94),(2626221,95),(2626221,96),(2626221,97),(2661289,4),(2661289,6),(2661289,25),(2661289,40),(2661289,88),(2661289,89),(2661289,90),(2661289,91),(2661289,92),(3158849,4),(3158849,6),(3158849,23),(3158849,40),(3158849,81),(3158849,82),(3158849,98),(3158849,99),(3158849,100),(3158849,101),(3158849,102),(3158849,103),(6446858,4),(6446858,6),(6446858,40),(6446858,81),(6446858,121),(6446858,122),(6446858,123),(6446858,124),(6446858,125),(6446858,126),(6446858,127),(6446858,128),(6446858,129),(6446858,130),(6446858,131),(6539643,4),(6539643,5),(6539643,6),(6539643,7),(6539643,12),(6539643,25),(6539643,32),(6539643,33),(6539643,40),(6539643,56),(6539643,104),(6539643,105),(6539643,106),(6539643,107),(6539643,108),(6539643,109),(6539643,110),(6539643,111),(6539643,112),(6539643,113),(6539643,114),(7432734,4),(7432734,6),(7432734,23),(7432734,25),(7432734,40),(7432734,115),(7432734,116),(7432734,117),(7432734,118),(7432734,119),(7432734,120),(7432734,121),(7565486,4),(7565486,6),(7565486,7),(7565486,12),(7565486,13),(7565486,23),(7565486,25),(7565486,40),(7565486,50),(7565486,53),(7565486,76),(7565486,77),(7565486,78),(7565486,79),(7565486,80),(7565486,81),(7565486,82),(7565486,83),(7565486,84),(7789203,4),(7789203,6),(7789203,12),(7789203,29),(7789203,33),(7789203,104),(7789203,158),(7789203,206),(7789203,207),(7789203,208),(7789203,209),(7789203,210),(7789203,211),(7789203,212),(7789203,213),(7950867,311),(7950867,353),(7950867,354),(7950867,355),(7950867,356),(7950867,357),(7950867,358),(7950867,359),(7950867,360),(7950878,304),(7950878,311),(7950878,329),(7950878,333),(7950878,337),(7950878,345),(7950878,346),(7950878,347),(7950878,348),(7950878,349),(7950878,350),(7950878,351),(7950878,352),(8761517,262),(8761517,270),(8761517,304),(8761517,308),(8761517,325),(8761517,333),(8761517,343),(8761517,344),(8761517,345),(8761517,346),(8818166,4),(8818166,6),(8818166,23),(8818166,40),(8818166,63),(8818166,64),(8818166,65),(8818166,66),(8818166,67),(8818166,68),(8818166,69),(8818166,70),(8818166,71),(8818166,72),(8818166,73),(8818166,74),(8818166,75),(9134263,4),(9134263,6),(9134263,12),(9134263,23),(9134263,25),(9134263,40),(9134263,46),(9134263,55),(9134263,56),(9134263,57),(9134263,58),(9134263,59),(9134263,60),(9134263,61),(9134263,62),(9368207,4),(9368207,6),(9368207,7),(9368207,13),(9368207,23),(9368207,25),(9368207,40),(9368207,47),(9368207,48),(9368207,49),(9368207,50),(9368207,51),(9368207,52),(9368207,53),(9368207,54),(9457379,229),(9457379,265),(9457379,302),(9457379,304),(9457379,311),(9457379,325),(9457379,328),(9457379,333),(9457379,340),(9457379,341),(9457379,342),(9713684,304),(9713684,308),(9713684,325),(9713684,329),(9713684,332),(9713684,333),(9713684,334),(9713684,335),(9713684,336),(9713684,337),(9713684,338),(9713684,339),(10624722,4),(10624722,6),(10624722,7),(10624722,12),(10624722,13),(10624722,23),(10624722,25),(10624722,40),(10624722,41),(10624722,42),(10624722,43),(10624722,44),(10624722,45),(10624722,46),(10624722,47),(10902695,4),(10902695,6),(10902695,12),(10902695,22),(10902695,32),(10902695,51),(10902695,97),(10902695,163),(10902695,188),(10902695,191),(10902695,200),(10902695,201),(10902695,202),(10902695,203),(10902695,204),(10902695,205),(11099113,6),(11099113,17),(11099113,23),(11099113,29),(11099113,32),(11099113,33),(11099113,104),(11099113,139),(11099113,154),(11099113,166),(11099113,167),(11099113,191),(11099113,192),(11099113,193),(11099113,194),(11099113,195),(11099113,196),(11099113,197),(11099113,198),(11099113,199),(11137774,4),(11137774,6),(11137774,12),(11137774,23),(11137774,50),(11137774,196),(11137774,223),(11137774,376),(11137774,387),(11137774,390),(11137774,410),(11137774,411),(11137774,412),(11137774,413),(11137774,414),(11137774,415),(11137774,416),(11340600,191),(11340600,303),(11340600,311),(11340600,325),(11340600,326),(11340600,327),(11340600,328),(11340600,329),(11340600,330),(11340600,331),(11564905,6),(11564905,236),(11564905,240),(11564905,308),(11564905,309),(11564905,311),(11564905,313),(11564905,314),(11564905,315),(11564905,316),(11564905,317),(11564905,318),(11564905,319),(11564905,320),(11564905,321),(11564905,322),(11564905,323),(11564905,324),(11707907,4),(11707907,5),(11707907,6),(11707907,7),(11707907,12),(11707907,13),(11707907,23),(11707907,28),(11707907,32),(11707907,33),(11707907,34),(11707907,35),(11707907,36),(11707907,37),(11707907,38),(11707907,39),(11707907,40),(11707907,41),(12069319,221),(12069319,236),(12069319,238),(12069319,240),(12069319,247),(12069319,260),(12069319,265),(12069319,266),(12069319,267),(12069319,270),(12069319,272),(12069319,298),(12069319,299),(12069319,300),(12137040,53),(12137040,66),(12137040,218),(12137040,262),(12137040,290),(12137040,291),(12137040,292),(12137040,293),(12137040,294),(12137040,295),(12137040,296),(12137040,297),(12356528,240),(12356528,241),(12356528,255),(12356528,265),(12356528,289),(12356531,137),(12356531,236),(12356531,240),(12356531,241),(12356531,285),(12356531,286),(12356531,287),(12356531,288),(12520393,221),(12520393,223),(12520393,236),(12520393,238),(12520393,260),(12520393,271),(12520393,272),(12520393,283),(12520393,284),(12597089,4),(12597089,6),(12597089,12),(12597089,22),(12597089,23),(12597089,24),(12597089,25),(12597089,26),(12597089,27),(12597089,28),(12597089,29),(12597089,30),(12597089,31),(12605929,223),(12605929,236),(12605929,240),(12605929,262),(12605929,265),(12605929,267),(12605929,277),(12605929,278),(12605929,279),(12605929,280),(12605929,281),(12605929,282),(12775905,301),(12775905,302),(12775905,303),(12775905,304),(12775905,305),(12775905,306),(12775905,307),(12775905,308),(12775905,309),(12775905,310),(12775905,311),(12775905,312),(12868780,6),(12868780,218),(12868780,223),(12868780,262),(12868780,269),(12868780,273),(12868780,274),(12868780,275),(12868780,276),(14531577,4),(14531577,6),(14531577,12),(14531577,33),(14531577,175),(14531577,186),(14531577,187),(14531577,188),(14531577,189),(14531577,190),(14531585,4),(14531585,6),(14531585,12),(14531585,13),(14531585,23),(14531585,32),(14531585,33),(14531585,40),(14531585,83),(14531585,97),(14531585,107),(14531585,155),(14531585,176),(14531585,183),(14531585,184),(14531585,185),(14552011,221),(14552011,231),(14552011,261),(14552011,262),(14552011,263),(14552011,264),(14552011,265),(14552011,266),(14552011,267),(14552011,268),(14552011,269),(14552011,270),(14552011,271),(14552011,272),(15055374,4),(15055374,6),(15055374,12),(15055374,32),(15055374,79),(15055374,156),(15055374,158),(15055374,169),(15055374,179),(15055374,180),(15055374,181),(15055374,182),(15324991,4),(15324991,6),(15324991,12),(15324991,23),(15324991,25),(15324991,40),(15324991,41),(15324991,80),(15324991,83),(15324991,107),(15324991,139),(15324991,163),(15324991,176),(15324991,177),(15324991,178),(15673218,221),(15673218,231),(15673218,236),(15673218,244),(15673218,256),(15673218,257),(15673218,258),(15673218,259),(15673218,260),(15901223,4),(15901223,6),(15901223,12),(15901223,22),(15901223,23),(15901223,29),(15901223,32),(15901223,104),(15901223,173),(15901223,174),(15901223,175),(15978285,221),(15978285,236),(15978285,241),(15978285,242),(15978285,245),(15978285,246),(15978285,247),(15978285,248),(15978285,249),(15978285,250),(15978285,251),(15978285,252),(15978285,253),(15978285,254),(15978285,255),(16129487,221),(16129487,231),(16129487,236),(16129487,237),(16129487,238),(16129487,239),(16129487,240),(16129487,241),(16129487,242),(16129487,243),(16129487,244),(16173671,1),(16173671,2),(16173671,3),(16173671,4),(16173671,5),(16173671,6),(16173671,7),(16173671,8),(16173671,9),(16173671,10),(16173671,11),(16173671,12),(16173671,13),(16173671,14),(16173671,15),(16173671,16),(16173671,17),(16173671,18),(16173671,19),(16173671,20),(16173671,21),(16215700,220),(16215700,221),(16215700,227),(16215700,228),(16215700,229),(16215700,230),(16215700,231),(16215700,232),(16215700,233),(16215700,234),(16215700,235),(16287156,4),(16287156,6),(16287156,12),(16287156,50),(16287156,97),(16287156,188),(16287156,376),(16287156,386),(16287156,398),(16287156,402),(16287156,403),(16287156,404),(16287156,405),(16287156,406),(16287156,407),(16287156,408),(16287156,409),(16402868,4),(16402868,6),(16402868,12),(16402868,17),(16402868,32),(16402868,33),(16402868,61),(16402868,104),(16402868,155),(16402868,159),(16402868,163),(16402868,165),(16402868,166),(16402868,167),(16402868,168),(16402868,169),(16402868,170),(16402868,171),(16402868,172),(16566172,214),(16566172,215),(16566172,216),(16566172,217),(16566172,218),(16566172,219),(16566172,220),(16566172,221),(16566172,222),(16566172,223),(16566172,224),(16566172,225),(16566172,226),(16671933,4),(16671933,6),(16671933,12),(16671933,29),(16671933,31),(16671933,32),(16671933,33),(16671933,137),(16671933,139),(16671933,155),(16671933,157),(16671933,158),(16671933,159),(16671933,160),(16671933,161),(16671933,162),(16671933,163),(16671933,164),(17459175,4),(17459175,6),(17459175,12),(17459175,13),(17459175,22),(17459175,23),(17459175,32),(17459175,33),(17459175,39),(17459175,61),(17459175,97),(17459175,147),(17459175,148),(17459175,149),(17459175,150),(17459175,151),(17459175,152),(17459175,153),(17459175,154),(17459175,155),(17459175,156),(17479405,4),(17479405,6),(17479405,50),(17479405,97),(17479405,188),(17479405,377),(17479405,389),(17479405,393),(17479405,394),(17479405,395),(17479405,396),(17479405,397),(17479405,398),(17479405,399),(17479405,400),(17479405,401),(17492950,4),(17492950,6),(17492950,23),(17492950,40),(17492950,121),(17492950,141),(17492950,142),(17492950,143),(17492950,144),(17492950,145),(17492950,146),(17507623,6),(17507623,12),(17507623,50),(17507623,139),(17507623,163),(17507623,223),(17507623,376),(17507623,381),(17507623,384),(17507623,385),(17507623,386),(17507623,387),(17507623,388),(17507623,389),(17507623,390),(17507623,391),(17507623,392),(17653897,4),(17653897,6),(17653897,12),(17653897,23),(17653897,50),(17653897,97),(17653897,376),(17653897,377),(17653897,378),(17653897,379),(17653897,380),(17653897,381),(17653897,382),(17653897,383),(18049295,4),(18049295,6),(18049295,7),(18049295,23),(18049295,33),(18049295,40),(18049295,132),(18049295,133),(18049295,134),(18049295,135),(18049295,136),(18049295,137),(18049295,138),(18049295,139),(18049295,140);
/*!40000 ALTER TABLE `publicationmeshheadings` ENABLE KEYS */;
UNLOCK TABLES;

--
-- Table structure for table `publications`
--

DROP TABLE IF EXISTS `publications`;
CREATE TABLE `publications` (
  `PMID` int(11) NOT NULL,
  `Journal` varchar(128) default NULL,
  `Year` int(11) NOT NULL,
  `Authors` int(11) default NULL,
  `Month` varchar(32) default NULL,
  `Day` varchar(32) default NULL,
  `Title` varchar(244) default NULL,
  `Volume` varchar(32) default NULL,
  `Issue` varchar(32) default NULL,
  `Pages` varchar(50) default NULL,
  `PubType` varchar(50) NOT NULL,
  `PubTypeCategoryID` tinyint(4) NOT NULL,
  PRIMARY KEY  (`PMID`),
  KEY `index_pmid` (`PMID`)
) ENGINE=MyISAM DEFAULT CHARSET=latin1;

--
-- Dumping data for table `publications`
--

LOCK TABLES `publications` WRITE;
/*!40000 ALTER TABLE `publications` DISABLE KEYS */;
INSERT INTO `publications` VALUES (16173671,'J Genet Psychol',2005,5,'Sep',NULL,'Neurobehaviors of Japanese newborns in relation to the characteristics of early mother-infant interaction.','166','3','264-79','Comparative Study',0),(12597089,'Neonatal Netw',2003,4,'Jan-Feb',NULL,'Using knowledge to cope with stress in the NICU: how parents integrate learning to read the physiologic and behavioral cues of the infant.','22','1','31-7','Review',2),(11707907,'Attach Hum Dev',2000,3,'Sep',NULL,'Intrusive caregiving and quality of attachment in prenatally drug-exposed toddlers and their primary caregivers.','2','2','130-48','Journal Article',3),(10624722,'Dev Psychopathol',1999,4,'Fall',NULL,'Psychopathology, mother-child interaction, and infant development: substance-abusing mothers and their offspring.','11','4','715-25','Journal Article',3),(9368207,'J Subst Abuse Treat',1997,4,'Jul-Aug',NULL,'Maternal ego development and mother-infant interaction in drug-abusing women.','14','4','307-17','Clinical Trial',1),(9134263,'Child Abuse Negl',1997,4,'Apr',NULL,'Placement with substance-abusing mothers vs. placement with other relatives: infant outcomes.','21','4','337-49','Journal Article',3),(8818166,'NIDA Res Monogr',1996,2,NULL,NULL,'Issues in subject recruitment and retention with pregnant and parenting substance-abusing women.','166',NULL,'68-86','Journal Article',3),(7565486,'Neurotoxicol Teratol',1995,4,'Jul-Aug',NULL,'Development of infants born to cocaine-abusing women: biologic/maternal influences.','17','4','403-11','Journal Article',3),(1620193,'NIDA Res Monogr',1992,1,NULL,NULL,'Subject recruitment and retention issues in longitudinal research involving substance-abusing families: a clinical services context.','117',NULL,'155-65','Review',2),(2661289,'Dev Med Child Neurol',1989,1,'Apr',NULL,'Cocaine and its effects on the newborn.','31','2','255-7','Review',2),(2626221,'Neurotoxicology',1989,3,'Fall',NULL,'Prenatal exposure to drugs: behavioral distortions reflecting CNS impairment?','10','3','629-34','Journal Article',3),(3158849,'Obstet Gynecol',1985,4,'Jun',NULL,'Genetic amniocentesis in twin pregnancy.','65','6','843-5','Journal Article',3),(6539643,'Child Abuse Negl',1984,3,NULL,NULL,'Infant mental health and biological risk.','8','2','219-26','Case Reports',1),(7432734,'Obstet Gynecol',1980,6,'Nov',NULL,'Follow-up of 2000 second-trimester amniocenteses.','56','5','625-8','Journal Article',3),(6446858,'Am J Med Genet',1980,7,NULL,NULL,'Chromosome findings in 2,500 second trimester amniocenteses.','5','4','345-56','Journal Article',3),(18049295,'J Am Acad Child Adolesc Psychiatry',2007,5,'Nov',NULL,'Maternal stress during pregnancy predicts cognitive ability and fearfulness in infancy.','46','11','1454-63','Journal Article',3),(17634075,'Clin Endocrinol (Oxf)',2007,5,'Nov',NULL,'Amniotic fluid testosterone: relationship with cortisol and gestational age.','67','5','743-7','Journal Article',3),(17492950,'Clin Endocrinol (Oxf)',2007,5,'May',NULL,'Ontogeny of foetal exposure to maternal cortisol using midtrimester amniotic fluid as a biomarker.','66','5','636-40','Journal Article',3),(17459175,'Dev Psychopathol',2007,4,'Spring',NULL,'Maternal childhood abuse and offspring adjustment over time.','19','2','367-83','Journal Article',3),(16671933,'J Child Psychol Psychiatry',2006,4,'May',NULL,'Predictors of between-family and within-family variation in parent-child relationships.','47','5','498-510','Journal Article',3),(16402868,'J Fam Psychol',2005,5,'Dec',NULL,'Change in maternal perception of sibling negativity: within- and between-family influences.','19','4','533-41','Journal Article',3),(15901223,'J Clin Child Adolesc Psychol',2005,3,'Jun',NULL,'Children\'s responses to conflict between their different parents: mothers, stepfathers, nonresident fathers, and nonresident stepmothers.','34','2','223-34','Journal Article',3),(15324991,'Early Hum Dev',2004,4,'Sep',NULL,'Antenatal maternal anxiety is linked with atypical handedness in the child.','79','2','107-18','Journal Article',3),(15055374,'J Child Psychol Psychiatry',2004,4,'Mar',NULL,'Children\'s perspectives on their relationships with their nonresident fathers: influences, outcomes and implications.','45','3','553-66','Journal Article',3),(14531585,'J Child Psychol Psychiatry',2003,4,'Oct',NULL,'Maternal antenatal anxiety and behavioural/emotional problems in children: a test of a programming hypothesis.','44','7','1025-36','Journal Article',3),(14531577,'J Child Psychol Psychiatry',2003,6,'Oct',NULL,'A twin study of anxiety-related behaviours in pre-school children.','44','7','945-60','Journal Article',3),(11099113,'J Child Psychol Psychiatry',2000,4,'Nov',NULL,'Parents\' and partners\' life course and family experiences: links with parent-child relationships in different family settings.','41','8','955-68','Comparative Study',0),(10902695,'Dev Psychol',2000,4,'Jul',NULL,'Are associations between parental divorce and children\'s adjustment genetically mediated? An adoption study.','36','4','429-37','Comparative Study',0),(7789203,'Child Dev',1995,4,'Jun',NULL,'A twin-sibling study of observed parent-adolescent interactions.','66','3','812-29','Journal Article',3),(17727948,'Ecotoxicol Environ Saf',2007,4,'Aug','27','Reduction of growth and haemolymph Ca levels in the freshwater snail Lymnaea stagnalis chronically exposed to cobalt.',NULL,NULL,NULL,'JOURNAL ARTICLE',3),(17624431,'Ecotoxicol Environ Saf',2007,5,'Jul','9','The acute toxicity of nickel to Daphnia magna: Predictive capacity of bioavailability models in artificial and natural waters.',NULL,NULL,NULL,'JOURNAL ARTICLE',3),(16566172,'Environ Toxicol Chem',2006,3,'Mar',NULL,'Ambient copper concentrations in agricultural and natural European soils: an overview.','25','3','858-64','Journal Article',3),(16215700,'Ecotoxicology',2005,6,'Aug',NULL,'Effect of varying physicochemistry of European surface waters on the copper toxicity to the green alga Pseudokirchneriella subcapitata.','14','6','661-70','Journal Article',3),(16129487,'Ecotoxicol Environ Saf',2006,3,'Feb',NULL,'Cross-phylum comparison of a chronic biotic ligand model to predict chronic toxicity of copper to a freshwater rotifer, Brachionus calyciflorus (Pallas).','63','2','189-95','Comparative Study',0),(15978285,'Ecotoxicol Environ Saf',2005,4,'Sep',NULL,'Development of a chronic zinc biotic ligand model for Daphnia magna.','62','1','1-10','Journal Article',3),(15673218,'Ecotoxicology',2004,3,'Oct',NULL,'Comparison of the effect of different pH buffering techniques on the toxicity of copper and zinc to Daphnia magna and Pseudokirchneriella subcapitata.','13','7','697-705','Comparative Study',0),(14552011,'Environ Toxicol Chem',2003,7,'Oct',NULL,'Development and field validation of a predictive copper toxicity model for the green alga Pseudokirchneriella subcapitata.','22','10','2454-65','Journal Article',3),(12868780,'Rev Environ Contam Toxicol',2003,2,NULL,NULL,'Algal toxicity tests for environmental risk assessments of metals.','178',NULL,'23-52','Review',2),(12605929,'Environ Int',2003,4,'Mar',NULL,'Environmental risk assessment of metals: tools for incorporating bioavailability.','28','8','793-800','Journal Article',3),(12520393,'Arch Environ Contam Toxicol',2003,3,'Feb',NULL,'The combined effects of hardness, pH, and dissolved organic carbon on the chronic toxicity of Zn to D. magna: development of a surface response model.','44','2','210-7','Journal Article',3),(12356531,'Comp Biochem Physiol C Toxicol Pharmacol',2002,3,'Sep',NULL,'Refinement and field validation of a biotic ligand model predicting acute copper toxicity to Daphnia magna.','133','1-2','243-58','Journal Article',3),(12356528,'Comp Biochem Physiol C Toxicol Pharmacol',2002,3,'Sep',NULL,'Biotic ligand model development predicting Zn toxicity to the alga Pseudokirchneriella subcapitata: possibilities and limitations.','133','1-2','207-18','Journal Article',3),(12137040,'Chemosphere',2002,5,'Jun',NULL,'Bioavailability of zinc in runoff water from roofing materials.','47','10','1073-80','Journal Article',3),(12069319,'Environ Toxicol Chem',2002,3,'Jun',NULL,'Predicting acute zinc toxicity for Daphnia magna as a function of key water chemistry characteristics: development and validation of a biotic ligand model.','21','6','1309-15','Journal Article',3),(12775905,'Biomed Mater Eng',2003,3,NULL,NULL,'Electrophoretic and thermodynamic properties for biomaterial particles with Bovine Serum Albumin adsorption.','13','2','147-58','Comparative Study',0),(11564905,'Biomed Mater Eng',2001,2,NULL,NULL,'Physics of bone bonding mechanism of different surface bioactive ceramic materials in vitro and in vivo.','11','3','221-31','In Vitro',0),(11340600,'J Biomed Mater Res',2001,5,'Aug',NULL,'Creation of microrough surface on sintered bioactive glass microspheres.','56','2','282-8','Journal Article',3),(9713684,'Biomed Mater Eng',1998,4,NULL,NULL,'Fracture toughness of hydroxyapatite/mica composite, packed hydroxyapatite, alumina ceramics, silicon nitride and -carbide.','8','1','37-43','Comparative Study',0),(9457379,'Biomed Mater Eng',1997,4,NULL,NULL,'Microscopical imaging of hydroxyapatite/mica composite and packed hydroxyapatite structure--an atomic force microscopy investigation.','7','5','285-9','Comparative Study',0),(8761517,'Biomed Mater Eng',1996,3,NULL,NULL,'Solubility of hydroxyapatite/mica composites.','6','2','73-8','Journal Article',3),(7950878,'Biomed Mater Eng',1994,3,NULL,NULL,'Mechanical properties of hydroxyapatite/mica composite.','4','4','309-15','Comparative Study',0),(7950867,'Biomed Mater Eng',1994,3,NULL,NULL,'Thin sol-gel-derived silica-coatings on CP-titania and bioactivity thereupon.','4','3','187-92','Journal Article',3),(1483120,'Biomed Mater Eng',1992,2,'Winter',NULL,'Chemical characterization of a potassium hydroxyapatite prepared by soaking in potassium chloride and carbonate solutions.','2','4','185-9','Journal Article',3),(1333868,'Biomed Mater Eng',1992,3,'Fall',NULL,'Reaction of bone to HA, carbonate-HA, hydroxyapatite + calcium orthophosphate and to hydroxyapatite + calcium ortho- and pyrophosphate.','2','3','115-21','Journal Article',3),(17653897,'Acta Oncol',2007,7,NULL,NULL,'May the APC gene somatic mutations in tumor tissues influence the clinical features of Chinese sporadic colorectal cancers?','46','6','757-62','Journal Article',3),(17507623,'Cancer Epidemiol Biomarkers Prev',2007,9,'May',NULL,'Serum lycopene, other carotenoids, and prostate cancer risk: a nested case-control study in the prostate, lung, colorectal, and ovarian cancer screening trial.','16','5','962-8','Journal Article',3),(17479405,'J Toxicol Environ Health A',2007,15,'Jun',NULL,'Functional polymorphisms in the cyclooxygenase 2 (COX-2) gene and risk of breast cancer in a Chinese population.','70','11','908-15','Journal Article',3),(16287156,'Hum Mutat',2006,8,'Jan',NULL,'Genetic polymorphisms in cell cycle regulatory genes MDM2 and TP53 are associated with susceptibility to lung cancer.','27','1','110-7','Journal Article',3),(11137774,'Am J Prev Med',2001,2,'Jan',NULL,'Screening family members at high risk for coronary disease. Why isn\'t it done?','20','1','50-5','Comparative Study',0);
/*!40000 ALTER TABLE `publications` ENABLE KEYS */;
UNLOCK TABLES;

--
-- Table structure for table `pubtypecategories`
--

DROP TABLE IF EXISTS `pubtypecategories`;
CREATE TABLE `pubtypecategories` (
  `PublicationType` varchar(90) NOT NULL,
  `PubTypeCategoryID` tinyint(4) NOT NULL,
  `OverrideFirstCategory` tinyint(1) default '0',
  PRIMARY KEY  (`PublicationType`)
) ENGINE=MyISAM DEFAULT CHARSET=latin1;

--
-- Dumping data for table `pubtypecategories`
--

LOCK TABLES `pubtypecategories` WRITE;
/*!40000 ALTER TABLE `pubtypecategories` DISABLE KEYS */;
INSERT INTO `pubtypecategories` VALUES ('Consensus Development Conference, NIH',1,0),('Technical Report',3,0),('Lectures',0,0),('Biography',0,0),('Newspaper Article',0,0),('Clinical Conference',1,0),('Retracted Publication',0,0),('News',0,0),('Legal Cases',0,0),('Meta-Analysis',1,0),('Case Reports',1,0),('Retraction of Publication',0,0),('Clinical Trial, Phase IV',1,0),('Practice Guideline',1,0),('Government Publications',0,0),('Clinical Trial, Phase II',1,0),('Guideline',1,0),('Corrected and Republished Article',0,0),('Review, Tutorial',2,1),('Consensus Development Conference',1,0),('Comment',4,0),('Overall',0,0),('Scientific Integrity Review',0,0),('Dictionary',0,0),('Review of Reported Cases',2,1),('Letter',4,0),('Patient Education Handout',0,0),('Periodical Index',0,0),('Duplicate Publication',3,0),('Bibliography',0,0),('Review, Multicase',2,1),('Directory',0,0),('Addresses',0,0),('Evaluation Studies',3,0),('Multicenter Study',1,0),('Clinical Trial, Phase I',1,0),('Controlled Clinical Trial',1,0),('Clinical Trial',1,0),('Published Erratum',0,0),('Validation Studies',3,0),('Festschrift',0,0),('Journal Article',3,0),('Editorial',4,0),('Twin Study',1,0),('Randomized Controlled Trial',1,0),('Interview',0,0),('Clinical Trial, Phase III',1,0),('Classical Article',3,0),('Review',2,1),('Historical Article',0,0),('Legislation',0,0);
/*!40000 ALTER TABLE `pubtypecategories` ENABLE KEYS */;
UNLOCK TABLES;
/*!40103 SET TIME_ZONE=@OLD_TIME_ZONE */;

/*!40101 SET SQL_MODE=@OLD_SQL_MODE */;
/*!40014 SET FOREIGN_KEY_CHECKS=@OLD_FOREIGN_KEY_CHECKS */;
/*!40014 SET UNIQUE_CHECKS=@OLD_UNIQUE_CHECKS */;
/*!40101 SET CHARACTER_SET_CLIENT=@OLD_CHARACTER_SET_CLIENT */;
/*!40101 SET CHARACTER_SET_RESULTS=@OLD_CHARACTER_SET_RESULTS */;
/*!40101 SET COLLATION_CONNECTION=@OLD_COLLATION_CONNECTION */;
/*!40111 SET SQL_NOTES=@OLD_SQL_NOTES */;

-- Dump completed on 2008-02-18 18:26:10
